Destination,Days_Ago,Price,Departure_Date,Day_of_the_Week
Atlanta,1,149,10/25/2023,Wednesday
Atlanta,2,45,10/25/2023,Wednesday
Atlanta,3,45,10/25/2023,Wednesday
Atlanta,4,45,10/25/2023,Wednesday
Atlanta,5,45,10/25/2023,Wednesday
Atlanta,6,29,10/25/2023,Wednesday
Atlanta,7,29,10/25/2023,Wednesday
Atlanta,8,29,10/25/2023,Wednesday
Atlanta,9,29,10/25/2023,Wednesday
Atlanta,10,29,10/25/2023,Wednesday
Atlanta,11,29,10/25/2023,Wednesday
Atlanta,12,29,10/25/2023,Wednesday
Atlanta,13,29,10/25/2023,Wednesday
Atlanta,14,29,10/25/2023,Wednesday
Atlanta,15,29,10/25/2023,Wednesday
Atlanta,16,39,10/25/2023,Wednesday
Atlanta,17,39,10/25/2023,Wednesday
Atlanta,18,31,10/25/2023,Wednesday
Atlanta,19,31,10/25/2023,Wednesday
Atlanta,20,29,10/25/2023,Wednesday
Atlanta,21,29,10/25/2023,Wednesday
Atlanta,22,29,10/25/2023,Wednesday
Atlanta,23,29,10/25/2023,Wednesday
Atlanta,24,29,10/25/2023,Wednesday
Atlanta,25,29,10/25/2023,Wednesday
Atlanta,26,29,10/25/2023,Wednesday
Atlanta,27,29,10/25/2023,Wednesday
Atlanta,28,29,10/25/2023,Wednesday
Atlanta,29,29,10/25/2023,Wednesday
Atlanta,30,29,10/25/2023,Wednesday
Atlanta,31,29,10/25/2023,Wednesday
Atlanta,32,29,10/25/2023,Wednesday
Atlanta,33,29,10/25/2023,Wednesday
Atlanta,34,29,10/25/2023,Wednesday
Atlanta,35,29,10/25/2023,Wednesday
Atlanta,36,19,10/25/2023,Wednesday
Atlanta,37,19,10/25/2023,Wednesday
Atlanta,38,19,10/25/2023,Wednesday
Atlanta,39,19,10/25/2023,Wednesday
Atlanta,40,19,10/25/2023,Wednesday
Atlanta,41,19,10/25/2023,Wednesday
Atlanta,42,19,10/25/2023,Wednesday
Atlanta,43,19,10/25/2023,Wednesday
Atlanta,44,19,10/25/2023,Wednesday
Atlanta,45,19,10/25/2023,Wednesday
Atlanta,46,19,10/25/2023,Wednesday
Atlanta,47,19,10/25/2023,Wednesday
Atlanta,48,19,10/25/2023,Wednesday
Atlanta,49,19,10/25/2023,Wednesday
Atlanta,50,19,10/25/2023,Wednesday
Atlanta,51,19,10/25/2023,Wednesday
Atlanta,52,24,10/25/2023,Wednesday
Atlanta,53,24,10/25/2023,Wednesday
Atlanta,54,24,10/25/2023,Wednesday
Atlanta,55,24,10/25/2023,Wednesday
Atlanta,56,29,10/25/2023,Wednesday
Atlanta,57,29,10/25/2023,Wednesday
Atlanta,58,29,10/25/2023,Wednesday
Atlanta,59,34,10/25/2023,Wednesday
Atlanta,60,34,10/25/2023,Wednesday
Austin,1,259,10/25/2023,Wednesday
Austin,2,259,10/25/2023,Wednesday
Austin,3,259,10/25/2023,Wednesday
Austin,4,259,10/25/2023,Wednesday
Austin,5,200,10/25/2023,Wednesday
Austin,6,174,10/25/2023,Wednesday
Austin,7,174,10/25/2023,Wednesday
Austin,8,174,10/25/2023,Wednesday
Austin,9,174,10/25/2023,Wednesday
Austin,10,174,10/25/2023,Wednesday
Austin,11,174,10/25/2023,Wednesday
Austin,12,174,10/25/2023,Wednesday
Austin,13,159,10/25/2023,Wednesday
Austin,14,159,10/25/2023,Wednesday
Austin,15,159,10/25/2023,Wednesday
Austin,16,159,10/25/2023,Wednesday
Austin,17,159,10/25/2023,Wednesday
Austin,18,159,10/25/2023,Wednesday
Austin,19,159,10/25/2023,Wednesday
Austin,20,99,10/25/2023,Wednesday
Austin,21,99,10/25/2023,Wednesday
Austin,22,99,10/25/2023,Wednesday
Austin,23,89,10/25/2023,Wednesday
Austin,24,89,10/25/2023,Wednesday
Austin,25,89,10/25/2023,Wednesday
Austin,26,79,10/25/2023,Wednesday
Austin,27,79,10/25/2023,Wednesday
Austin,28,79,10/25/2023,Wednesday
Austin,29,79,10/25/2023,Wednesday
Austin,30,89,10/25/2023,Wednesday
Austin,31,119,10/25/2023,Wednesday
Austin,32,119,10/25/2023,Wednesday
Austin,33,89,10/25/2023,Wednesday
Austin,34,89,10/25/2023,Wednesday
Austin,35,89,10/25/2023,Wednesday
Austin,36,89,10/25/2023,Wednesday
Austin,37,89,10/25/2023,Wednesday
Austin,38,89,10/25/2023,Wednesday
Austin,39,89,10/25/2023,Wednesday
Austin,40,89,10/25/2023,Wednesday
Austin,41,89,10/25/2023,Wednesday
Austin,42,89,10/25/2023,Wednesday
Austin,43,89,10/25/2023,Wednesday
Austin,44,89,10/25/2023,Wednesday
Austin,45,89,10/25/2023,Wednesday
Austin,46,89,10/25/2023,Wednesday
Austin,47,89,10/25/2023,Wednesday
Austin,48,89,10/25/2023,Wednesday
Austin,49,89,10/25/2023,Wednesday
Austin,50,89,10/25/2023,Wednesday
Austin,51,89,10/25/2023,Wednesday
Austin,52,89,10/25/2023,Wednesday
Austin,53,89,10/25/2023,Wednesday
Austin,54,89,10/25/2023,Wednesday
Austin,55,89,10/25/2023,Wednesday
Austin,56,89,10/25/2023,Wednesday
Austin,57,89,10/25/2023,Wednesday
Austin,58,89,10/25/2023,Wednesday
Austin,59,89,10/25/2023,Wednesday
Austin,60,89,10/25/2023,Wednesday
Boston,1,264,10/25/2023,Wednesday
Boston,2,204,10/25/2023,Wednesday
Boston,3,204,10/25/2023,Wednesday
Boston,4,204,10/25/2023,Wednesday
Boston,5,204,10/25/2023,Wednesday
Boston,6,154,10/25/2023,Wednesday
Boston,7,154,10/25/2023,Wednesday
Boston,8,154,10/25/2023,Wednesday
Boston,9,154,10/25/2023,Wednesday
Boston,10,154,10/25/2023,Wednesday
Boston,11,154,10/25/2023,Wednesday
Boston,12,59,10/25/2023,Wednesday
Boston,13,59,10/25/2023,Wednesday
Boston,14,59,10/25/2023,Wednesday
Boston,15,59,10/25/2023,Wednesday
Boston,16,59,10/25/2023,Wednesday
Boston,17,134,10/25/2023,Wednesday
Boston,18,134,10/25/2023,Wednesday
Boston,19,134,10/25/2023,Wednesday
Boston,20,89,10/25/2023,Wednesday
Boston,21,89,10/25/2023,Wednesday
Boston,22,79,10/25/2023,Wednesday
Boston,23,79,10/25/2023,Wednesday
Boston,24,79,10/25/2023,Wednesday
Boston,25,79,10/25/2023,Wednesday
Boston,26,69,10/25/2023,Wednesday
Boston,27,69,10/25/2023,Wednesday
Boston,28,69,10/25/2023,Wednesday
Boston,29,69,10/25/2023,Wednesday
Boston,30,69,10/25/2023,Wednesday
Boston,31,79,10/25/2023,Wednesday
Boston,32,79,10/25/2023,Wednesday
Boston,33,79,10/25/2023,Wednesday
Boston,34,79,10/25/2023,Wednesday
Boston,35,79,10/25/2023,Wednesday
Boston,36,79,10/25/2023,Wednesday
Boston,37,79,10/25/2023,Wednesday
Boston,38,79,10/25/2023,Wednesday
Boston,39,79,10/25/2023,Wednesday
Boston,40,79,10/25/2023,Wednesday
Boston,41,79,10/25/2023,Wednesday
Boston,42,79,10/25/2023,Wednesday
Boston,43,79,10/25/2023,Wednesday
Boston,44,79,10/25/2023,Wednesday
Boston,45,79,10/25/2023,Wednesday
Boston,46,79,10/25/2023,Wednesday
Boston,47,49,10/25/2023,Wednesday
Boston,48,49,10/25/2023,Wednesday
Boston,49,49,10/25/2023,Wednesday
Boston,50,49,10/25/2023,Wednesday
Boston,51,49,10/25/2023,Wednesday
Boston,52,79,10/25/2023,Wednesday
Boston,53,79,10/25/2023,Wednesday
Boston,54,79,10/25/2023,Wednesday
Boston,55,79,10/25/2023,Wednesday
Boston,56,79,10/25/2023,Wednesday
Boston,57,79,10/25/2023,Wednesday
Boston,58,79,10/25/2023,Wednesday
Boston,59,79,10/25/2023,Wednesday
Boston,60,79,10/25/2023,Wednesday
Charlotte,1,371,10/25/2023,Wednesday
Charlotte,2,371,10/25/2023,Wednesday
Charlotte,3,371,10/25/2023,Wednesday
Charlotte,4,371,10/25/2023,Wednesday
Charlotte,5,371,10/25/2023,Wednesday
Charlotte,6,326,10/25/2023,Wednesday
Charlotte,7,326,10/25/2023,Wednesday
Charlotte,8,326,10/25/2023,Wednesday
Charlotte,9,326,10/25/2023,Wednesday
Charlotte,10,326,10/25/2023,Wednesday
Charlotte,11,326,10/25/2023,Wednesday
Charlotte,12,326,10/25/2023,Wednesday
Charlotte,13,280,10/25/2023,Wednesday
Charlotte,14,280,10/25/2023,Wednesday
Charlotte,15,280,10/25/2023,Wednesday
Charlotte,16,280,10/25/2023,Wednesday
Charlotte,17,280,10/25/2023,Wednesday
Charlotte,18,280,10/25/2023,Wednesday
Charlotte,19,280,10/25/2023,Wednesday
Charlotte,20,255,10/25/2023,Wednesday
Charlotte,21,255,10/25/2023,Wednesday
Charlotte,22,255,10/25/2023,Wednesday
Charlotte,23,245,10/25/2023,Wednesday
Charlotte,24,245,10/25/2023,Wednesday
Charlotte,25,245,10/25/2023,Wednesday
Charlotte,26,245,10/25/2023,Wednesday
Charlotte,27,245,10/25/2023,Wednesday
Charlotte,28,245,10/25/2023,Wednesday
Charlotte,29,235,10/25/2023,Wednesday
Charlotte,30,235,10/25/2023,Wednesday
Charlotte,31,235,10/25/2023,Wednesday
Charlotte,32,235,10/25/2023,Wednesday
Charlotte,33,235,10/25/2023,Wednesday
Charlotte,34,235,10/25/2023,Wednesday
Charlotte,35,235,10/25/2023,Wednesday
Charlotte,36,235,10/25/2023,Wednesday
Charlotte,37,235,10/25/2023,Wednesday
Charlotte,38,235,10/25/2023,Wednesday
Charlotte,39,235,10/25/2023,Wednesday
Charlotte,40,235,10/25/2023,Wednesday
Charlotte,41,235,10/25/2023,Wednesday
Charlotte,42,235,10/25/2023,Wednesday
Charlotte,43,235,10/25/2023,Wednesday
Charlotte,44,235,10/25/2023,Wednesday
Charlotte,45,235,10/25/2023,Wednesday
Charlotte,46,235,10/25/2023,Wednesday
Charlotte,47,235,10/25/2023,Wednesday
Charlotte,48,235,10/25/2023,Wednesday
Charlotte,49,235,10/25/2023,Wednesday
Charlotte,50,235,10/25/2023,Wednesday
Charlotte,51,235,10/25/2023,Wednesday
Charlotte,52,235,10/25/2023,Wednesday
Charlotte,53,235,10/25/2023,Wednesday
Charlotte,54,235,10/25/2023,Wednesday
Charlotte,55,235,10/25/2023,Wednesday
Charlotte,56,235,10/25/2023,Wednesday
Charlotte,57,235,10/25/2023,Wednesday
Charlotte,58,235,10/25/2023,Wednesday
Charlotte,59,235,10/25/2023,Wednesday
Charlotte,60,235,10/25/2023,Wednesday
Chicago,1,159,10/25/2023,Wednesday
Chicago,2,129,10/25/2023,Wednesday
Chicago,3,129,10/25/2023,Wednesday
Chicago,4,129,10/25/2023,Wednesday
Chicago,5,39,10/25/2023,Wednesday
Chicago,6,39,10/25/2023,Wednesday
Chicago,7,39,10/25/2023,Wednesday
Chicago,8,39,10/25/2023,Wednesday
Chicago,9,39,10/25/2023,Wednesday
Chicago,10,39,10/25/2023,Wednesday
Chicago,11,39,10/25/2023,Wednesday
Chicago,12,24,10/25/2023,Wednesday
Chicago,13,24,10/25/2023,Wednesday
Chicago,14,24,10/25/2023,Wednesday
Chicago,15,24,10/25/2023,Wednesday
Chicago,16,24,10/25/2023,Wednesday
Chicago,17,24,10/25/2023,Wednesday
Chicago,18,24,10/25/2023,Wednesday
Chicago,19,19,10/25/2023,Wednesday
Chicago,20,19,10/25/2023,Wednesday
Chicago,21,19,10/25/2023,Wednesday
Chicago,22,19,10/25/2023,Wednesday
Chicago,23,19,10/25/2023,Wednesday
Chicago,24,19,10/25/2023,Wednesday
Chicago,25,19,10/25/2023,Wednesday
Chicago,26,19,10/25/2023,Wednesday
Chicago,27,19,10/25/2023,Wednesday
Chicago,28,19,10/25/2023,Wednesday
Chicago,29,19,10/25/2023,Wednesday
Chicago,30,19,10/25/2023,Wednesday
Chicago,31,19,10/25/2023,Wednesday
Chicago,32,19,10/25/2023,Wednesday
Chicago,33,19,10/25/2023,Wednesday
Chicago,34,19,10/25/2023,Wednesday
Chicago,35,19,10/25/2023,Wednesday
Chicago,36,19,10/25/2023,Wednesday
Chicago,37,19,10/25/2023,Wednesday
Chicago,38,19,10/25/2023,Wednesday
Chicago,39,19,10/25/2023,Wednesday
Chicago,40,19,10/25/2023,Wednesday
Chicago,41,19,10/25/2023,Wednesday
Chicago,42,19,10/25/2023,Wednesday
Chicago,43,19,10/25/2023,Wednesday
Chicago,44,19,10/25/2023,Wednesday
Chicago,45,19,10/25/2023,Wednesday
Chicago,46,19,10/25/2023,Wednesday
Chicago,47,19,10/25/2023,Wednesday
Chicago,48,19,10/25/2023,Wednesday
Chicago,49,19,10/25/2023,Wednesday
Chicago,50,19,10/25/2023,Wednesday
Chicago,51,19,10/25/2023,Wednesday
Chicago,52,29,10/25/2023,Wednesday
Chicago,53,29,10/25/2023,Wednesday
Chicago,54,29,10/25/2023,Wednesday
Chicago,55,29,10/25/2023,Wednesday
Chicago,56,29,10/25/2023,Wednesday
Chicago,57,29,10/25/2023,Wednesday
Chicago,58,29,10/25/2023,Wednesday
Chicago,59,39,10/25/2023,Wednesday
Chicago,60,39,10/25/2023,Wednesday
Cincinati,1,269,10/25/2023,Wednesday
Cincinati,2,269,10/25/2023,Wednesday
Cincinati,3,269,10/25/2023,Wednesday
Cincinati,4,269,10/25/2023,Wednesday
Cincinati,5,269,10/25/2023,Wednesday
Cincinati,6,185,10/25/2023,Wednesday
Cincinati,7,185,10/25/2023,Wednesday
Cincinati,8,185,10/25/2023,Wednesday
Cincinati,9,185,10/25/2023,Wednesday
Cincinati,10,185,10/25/2023,Wednesday
Cincinati,11,185,10/25/2023,Wednesday
Cincinati,12,185,10/25/2023,Wednesday
Cincinati,13,165,10/25/2023,Wednesday
Cincinati,14,165,10/25/2023,Wednesday
Cincinati,15,165,10/25/2023,Wednesday
Cincinati,16,165,10/25/2023,Wednesday
Cincinati,17,165,10/25/2023,Wednesday
Cincinati,18,165,10/25/2023,Wednesday
Cincinati,19,165,10/25/2023,Wednesday
Cincinati,20,108,10/25/2023,Wednesday
Cincinati,21,108,10/25/2023,Wednesday
Cincinati,22,150,10/25/2023,Wednesday
Cincinati,23,140,10/25/2023,Wednesday
Cincinati,24,140,10/25/2023,Wednesday
Cincinati,25,140,10/25/2023,Wednesday
Cincinati,26,79,10/25/2023,Wednesday
Cincinati,27,140,10/25/2023,Wednesday
Cincinati,28,140,10/25/2023,Wednesday
Cincinati,29,79,10/25/2023,Wednesday
Cincinati,30,140,10/25/2023,Wednesday
Cincinati,31,140,10/25/2023,Wednesday
Cincinati,32,140,10/25/2023,Wednesday
Cincinati,33,89,10/25/2023,Wednesday
Cincinati,34,89,10/25/2023,Wednesday
Cincinati,35,89,10/25/2023,Wednesday
Cincinati,36,89,10/25/2023,Wednesday
Cincinati,37,94,10/25/2023,Wednesday
Cincinati,38,94,10/25/2023,Wednesday
Cincinati,39,94,10/25/2023,Wednesday
Cincinati,40,94,10/25/2023,Wednesday
Cincinati,41,94,10/25/2023,Wednesday
Cincinati,42,94,10/25/2023,Wednesday
Cincinati,43,94,10/25/2023,Wednesday
Cincinati,44,94,10/25/2023,Wednesday
Cincinati,45,94,10/25/2023,Wednesday
Cincinati,46,94,10/25/2023,Wednesday
Cincinati,47,94,10/25/2023,Wednesday
Cincinati,48,94,10/25/2023,Wednesday
Cincinati,49,94,10/25/2023,Wednesday
Cincinati,50,94,10/25/2023,Wednesday
Cincinati,51,94,10/25/2023,Wednesday
Cincinati,52,94,10/25/2023,Wednesday
Cincinati,53,94,10/25/2023,Wednesday
Cincinati,54,94,10/25/2023,Wednesday
Cincinati,55,94,10/25/2023,Wednesday
Cincinati,56,140,10/25/2023,Wednesday
Cincinati,57,140,10/25/2023,Wednesday
Cincinati,58,140,10/25/2023,Wednesday
Cincinati,59,140,10/25/2023,Wednesday
Cincinati,60,140,10/25/2023,Wednesday
Dallas,1,169,10/25/2023,Wednesday
Dallas,2,65,10/25/2023,Wednesday
Dallas,3,65,10/25/2023,Wednesday
Dallas,4,65,10/25/2023,Wednesday
Dallas,5,65,10/25/2023,Wednesday
Dallas,6,49,10/25/2023,Wednesday
Dallas,7,49,10/25/2023,Wednesday
Dallas,8,49,10/25/2023,Wednesday
Dallas,9,49,10/25/2023,Wednesday
Dallas,10,49,10/25/2023,Wednesday
Dallas,11,49,10/25/2023,Wednesday
Dallas,12,49,10/25/2023,Wednesday
Dallas,13,49,10/25/2023,Wednesday
Dallas,14,49,10/25/2023,Wednesday
Dallas,15,49,10/25/2023,Wednesday
Dallas,16,59,10/25/2023,Wednesday
Dallas,17,59,10/25/2023,Wednesday
Dallas,18,59,10/25/2023,Wednesday
Dallas,19,59,10/25/2023,Wednesday
Dallas,20,44,10/25/2023,Wednesday
Dallas,21,44,10/25/2023,Wednesday
Dallas,22,34,10/25/2023,Wednesday
Dallas,23,19,10/25/2023,Wednesday
Dallas,24,19,10/25/2023,Wednesday
Dallas,25,19,10/25/2023,Wednesday
Dallas,26,19,10/25/2023,Wednesday
Dallas,27,19,10/25/2023,Wednesday
Dallas,28,19,10/25/2023,Wednesday
Dallas,29,34,10/25/2023,Wednesday
Dallas,30,34,10/25/2023,Wednesday
Dallas,31,34,10/25/2023,Wednesday
Dallas,32,34,10/25/2023,Wednesday
Dallas,33,34,10/25/2023,Wednesday
Dallas,34,34,10/25/2023,Wednesday
Dallas,35,34,10/25/2023,Wednesday
Dallas,36,19,10/25/2023,Wednesday
Dallas,37,19,10/25/2023,Wednesday
Dallas,38,19,10/25/2023,Wednesday
Dallas,39,19,10/25/2023,Wednesday
Dallas,40,19,10/25/2023,Wednesday
Dallas,41,19,10/25/2023,Wednesday
Dallas,42,19,10/25/2023,Wednesday
Dallas,43,19,10/25/2023,Wednesday
Dallas,44,19,10/25/2023,Wednesday
Dallas,45,19,10/25/2023,Wednesday
Dallas,46,19,10/25/2023,Wednesday
Dallas,47,19,10/25/2023,Wednesday
Dallas,48,19,10/25/2023,Wednesday
Dallas,49,19,10/25/2023,Wednesday
Dallas,50,19,10/25/2023,Wednesday
Dallas,51,19,10/25/2023,Wednesday
Dallas,52,29,10/25/2023,Wednesday
Dallas,53,29,10/25/2023,Wednesday
Dallas,54,29,10/25/2023,Wednesday
Dallas,55,29,10/25/2023,Wednesday
Dallas,56,29,10/25/2023,Wednesday
Dallas,57,29,10/25/2023,Wednesday
Dallas,58,29,10/25/2023,Wednesday
Dallas,59,39,10/25/2023,Wednesday
Dallas,60,39,10/25/2023,Wednesday
Denver,1,179,10/25/2023,Wednesday
Denver,2,179,10/25/2023,Wednesday
Denver,3,179,10/25/2023,Wednesday
Denver,4,179,10/25/2023,Wednesday
Denver,5,169,10/25/2023,Wednesday
Denver,6,59,10/25/2023,Wednesday
Denver,7,59,10/25/2023,Wednesday
Denver,8,59,10/25/2023,Wednesday
Denver,9,59,10/25/2023,Wednesday
Denver,10,59,10/25/2023,Wednesday
Denver,11,59,10/25/2023,Wednesday
Denver,12,59,10/25/2023,Wednesday
Denver,13,59,10/25/2023,Wednesday
Denver,14,59,10/25/2023,Wednesday
Denver,15,59,10/25/2023,Wednesday
Denver,16,69,10/25/2023,Wednesday
Denver,17,69,10/25/2023,Wednesday
Denver,18,20,10/25/2023,Wednesday
Denver,19,20,10/25/2023,Wednesday
Denver,20,20,10/25/2023,Wednesday
Denver,21,20,10/25/2023,Wednesday
Denver,22,19,10/25/2023,Wednesday
Denver,23,19,10/25/2023,Wednesday
Denver,24,19,10/25/2023,Wednesday
Denver,25,19,10/25/2023,Wednesday
Denver,26,19,10/25/2023,Wednesday
Denver,27,19,10/25/2023,Wednesday
Denver,28,19,10/25/2023,Wednesday
Denver,29,19,10/25/2023,Wednesday
Denver,30,19,10/25/2023,Wednesday
Denver,31,19,10/25/2023,Wednesday
Denver,32,19,10/25/2023,Wednesday
Denver,33,19,10/25/2023,Wednesday
Denver,34,19,10/25/2023,Wednesday
Denver,35,29,10/25/2023,Wednesday
Denver,36,29,10/25/2023,Wednesday
Denver,37,29,10/25/2023,Wednesday
Denver,38,29,10/25/2023,Wednesday
Denver,39,29,10/25/2023,Wednesday
Denver,40,29,10/25/2023,Wednesday
Denver,41,34,10/25/2023,Wednesday
Denver,42,39,10/25/2023,Wednesday
Denver,43,39,10/25/2023,Wednesday
Denver,44,39,10/25/2023,Wednesday
Denver,45,39,10/25/2023,Wednesday
Denver,46,39,10/25/2023,Wednesday
Denver,47,39,10/25/2023,Wednesday
Denver,48,39,10/25/2023,Wednesday
Denver,49,39,10/25/2023,Wednesday
Denver,50,39,10/25/2023,Wednesday
Denver,51,39,10/25/2023,Wednesday
Denver,52,39,10/25/2023,Wednesday
Denver,53,39,10/25/2023,Wednesday
Denver,54,39,10/25/2023,Wednesday
Denver,55,39,10/25/2023,Wednesday
Denver,56,49,10/25/2023,Wednesday
Denver,57,49,10/25/2023,Wednesday
Denver,58,49,10/25/2023,Wednesday
Denver,59,49,10/25/2023,Wednesday
Denver,60,49,10/25/2023,Wednesday
Fort Lauderdale,1,103,10/25/2023,Wednesday
Fort Lauderdale,2,39,10/25/2023,Wednesday
Fort Lauderdale,3,39,10/25/2023,Wednesday
Fort Lauderdale,4,39,10/25/2023,Wednesday
Fort Lauderdale,5,39,10/25/2023,Wednesday
Fort Lauderdale,6,39,10/25/2023,Wednesday
Fort Lauderdale,7,39,10/25/2023,Wednesday
Fort Lauderdale,8,39,10/25/2023,Wednesday
Fort Lauderdale,9,39,10/25/2023,Wednesday
Fort Lauderdale,10,39,10/25/2023,Wednesday
Fort Lauderdale,11,39,10/25/2023,Wednesday
Fort Lauderdale,12,39,10/25/2023,Wednesday
Fort Lauderdale,13,24,10/25/2023,Wednesday
Fort Lauderdale,14,24,10/25/2023,Wednesday
Fort Lauderdale,15,24,10/25/2023,Wednesday
Fort Lauderdale,16,24,10/25/2023,Wednesday
Fort Lauderdale,17,24,10/25/2023,Wednesday
Fort Lauderdale,18,24,10/25/2023,Wednesday
Fort Lauderdale,19,24,10/25/2023,Wednesday
Fort Lauderdale,20,24,10/25/2023,Wednesday
Fort Lauderdale,21,24,10/25/2023,Wednesday
Fort Lauderdale,22,24,10/25/2023,Wednesday
Fort Lauderdale,23,24,10/25/2023,Wednesday
Fort Lauderdale,24,24,10/25/2023,Wednesday
Fort Lauderdale,25,24,10/25/2023,Wednesday
Fort Lauderdale,26,24,10/25/2023,Wednesday
Fort Lauderdale,27,24,10/25/2023,Wednesday
Fort Lauderdale,28,24,10/25/2023,Wednesday
Fort Lauderdale,29,24,10/25/2023,Wednesday
Fort Lauderdale,30,24,10/25/2023,Wednesday
Fort Lauderdale,31,24,10/25/2023,Wednesday
Fort Lauderdale,32,24,10/25/2023,Wednesday
Fort Lauderdale,33,24,10/25/2023,Wednesday
Fort Lauderdale,34,24,10/25/2023,Wednesday
Fort Lauderdale,35,24,10/25/2023,Wednesday
Fort Lauderdale,36,24,10/25/2023,Wednesday
Fort Lauderdale,37,24,10/25/2023,Wednesday
Fort Lauderdale,38,24,10/25/2023,Wednesday
Fort Lauderdale,39,24,10/25/2023,Wednesday
Fort Lauderdale,40,24,10/25/2023,Wednesday
Fort Lauderdale,41,24,10/25/2023,Wednesday
Fort Lauderdale,42,24,10/25/2023,Wednesday
Fort Lauderdale,43,24,10/25/2023,Wednesday
Fort Lauderdale,44,24,10/25/2023,Wednesday
Fort Lauderdale,45,24,10/25/2023,Wednesday
Fort Lauderdale,46,24,10/25/2023,Wednesday
Fort Lauderdale,47,24,10/25/2023,Wednesday
Fort Lauderdale,48,24,10/25/2023,Wednesday
Fort Lauderdale,49,24,10/25/2023,Wednesday
Fort Lauderdale,50,24,10/25/2023,Wednesday
Fort Lauderdale,51,24,10/25/2023,Wednesday
Fort Lauderdale,52,24,10/25/2023,Wednesday
Fort Lauderdale,53,24,10/25/2023,Wednesday
Fort Lauderdale,54,24,10/25/2023,Wednesday
Fort Lauderdale,55,24,10/25/2023,Wednesday
Fort Lauderdale,56,24,10/25/2023,Wednesday
Fort Lauderdale,57,24,10/25/2023,Wednesday
Fort Lauderdale,58,24,10/25/2023,Wednesday
Fort Lauderdale,59,24,10/25/2023,Wednesday
Fort Lauderdale,60,24,10/25/2023,Wednesday
Detroit,1,449,10/25/2023,Wednesday
Detroit,2,449,10/25/2023,Wednesday
Detroit,3,449,10/25/2023,Wednesday
Detroit,4,449,10/25/2023,Wednesday
Detroit,5,449,10/25/2023,Wednesday
Detroit,6,349,10/25/2023,Wednesday
Detroit,7,349,10/25/2023,Wednesday
Detroit,8,349,10/25/2023,Wednesday
Detroit,9,369,10/25/2023,Wednesday
Detroit,10,369,10/25/2023,Wednesday
Detroit,11,369,10/25/2023,Wednesday
Detroit,12,369,10/25/2023,Wednesday
Detroit,13,319,10/25/2023,Wednesday
Detroit,14,319,10/25/2023,Wednesday
Detroit,15,319,10/25/2023,Wednesday
Detroit,16,319,10/25/2023,Wednesday
Detroit,17,319,10/25/2023,Wednesday
Detroit,18,319,10/25/2023,Wednesday
Detroit,19,319,10/25/2023,Wednesday
Detroit,20,289,10/25/2023,Wednesday
Detroit,21,289,10/25/2023,Wednesday
Detroit,22,289,10/25/2023,Wednesday
Detroit,23,279,10/25/2023,Wednesday
Detroit,24,279,10/25/2023,Wednesday
Detroit,25,279,10/25/2023,Wednesday
Detroit,26,279,10/25/2023,Wednesday
Detroit,27,279,10/25/2023,Wednesday
Detroit,28,279,10/25/2023,Wednesday
Detroit,29,259,10/25/2023,Wednesday
Detroit,30,259,10/25/2023,Wednesday
Detroit,31,259,10/25/2023,Wednesday
Detroit,32,259,10/25/2023,Wednesday
Detroit,33,259,10/25/2023,Wednesday
Detroit,34,259,10/25/2023,Wednesday
Detroit,35,259,10/25/2023,Wednesday
Detroit,36,259,10/25/2023,Wednesday
Detroit,37,259,10/25/2023,Wednesday
Detroit,38,259,10/25/2023,Wednesday
Detroit,39,259,10/25/2023,Wednesday
Detroit,40,259,10/25/2023,Wednesday
Detroit,41,259,10/25/2023,Wednesday
Detroit,42,259,10/25/2023,Wednesday
Detroit,43,259,10/25/2023,Wednesday
Detroit,44,259,10/25/2023,Wednesday
Detroit,45,259,10/25/2023,Wednesday
Detroit,46,259,10/25/2023,Wednesday
Detroit,47,259,10/25/2023,Wednesday
Detroit,48,259,10/25/2023,Wednesday
Detroit,49,259,10/25/2023,Wednesday
Detroit,50,259,10/25/2023,Wednesday
Detroit,51,259,10/25/2023,Wednesday
Detroit,52,259,10/25/2023,Wednesday
Detroit,53,259,10/25/2023,Wednesday
Detroit,54,259,10/25/2023,Wednesday
Detroit,55,259,10/25/2023,Wednesday
Detroit,56,259,10/25/2023,Wednesday
Detroit,57,259,10/25/2023,Wednesday
Detroit,58,259,10/25/2023,Wednesday
Detroit,59,259,10/25/2023,Wednesday
Detroit,60,259,10/25/2023,Wednesday
Houston,1,463,10/25/2023,Wednesday
Houston,2,463,10/25/2023,Wednesday
Houston,3,463,10/25/2023,Wednesday
Houston,4,463,10/25/2023,Wednesday
Houston,5,463,10/25/2023,Wednesday
Houston,6,209,10/25/2023,Wednesday
Houston,7,209,10/25/2023,Wednesday
Houston,8,209,10/25/2023,Wednesday
Houston,9,209,10/25/2023,Wednesday
Houston,10,209,10/25/2023,Wednesday
Houston,11,209,10/25/2023,Wednesday
Houston,12,209,10/25/2023,Wednesday
Houston,13,159,10/25/2023,Wednesday
Houston,14,159,10/25/2023,Wednesday
Houston,15,159,10/25/2023,Wednesday
Houston,16,159,10/25/2023,Wednesday
Houston,17,159,10/25/2023,Wednesday
Houston,18,159,10/25/2023,Wednesday
Houston,19,159,10/25/2023,Wednesday
Houston,20,89,10/25/2023,Wednesday
Houston,21,89,10/25/2023,Wednesday
Houston,22,89,10/25/2023,Wednesday
Houston,23,79,10/25/2023,Wednesday
Houston,24,79,10/25/2023,Wednesday
Houston,25,79,10/25/2023,Wednesday
Houston,26,79,10/25/2023,Wednesday
Houston,27,79,10/25/2023,Wednesday
Houston,28,79,10/25/2023,Wednesday
Houston,29,79,10/25/2023,Wednesday
Houston,30,79,10/25/2023,Wednesday
Houston,31,79,10/25/2023,Wednesday
Houston,32,79,10/25/2023,Wednesday
Houston,33,79,10/25/2023,Wednesday
Houston,34,79,10/25/2023,Wednesday
Houston,35,79,10/25/2023,Wednesday
Houston,36,79,10/25/2023,Wednesday
Houston,37,79,10/25/2023,Wednesday
Houston,38,79,10/25/2023,Wednesday
Houston,39,79,10/25/2023,Wednesday
Houston,40,79,10/25/2023,Wednesday
Houston,41,79,10/25/2023,Wednesday
Houston,42,79,10/25/2023,Wednesday
Houston,43,79,10/25/2023,Wednesday
Houston,44,79,10/25/2023,Wednesday
Houston,45,79,10/25/2023,Wednesday
Houston,46,79,10/25/2023,Wednesday
Houston,47,79,10/25/2023,Wednesday
Houston,48,79,10/25/2023,Wednesday
Houston,49,79,10/25/2023,Wednesday
Houston,50,79,10/25/2023,Wednesday
Houston,51,79,10/25/2023,Wednesday
Houston,52,79,10/25/2023,Wednesday
Houston,53,79,10/25/2023,Wednesday
Houston,54,79,10/25/2023,Wednesday
Houston,55,79,10/25/2023,Wednesday
Houston,56,79,10/25/2023,Wednesday
Houston,57,79,10/25/2023,Wednesday
Houston,58,79,10/25/2023,Wednesday
Houston,59,79,10/25/2023,Wednesday
Houston,60,79,10/25/2023,Wednesday
Las Vegas,1,439,10/25/2023,Wednesday
Las Vegas,2,439,10/25/2023,Wednesday
Las Vegas,3,439,10/25/2023,Wednesday
Las Vegas,4,439,10/25/2023,Wednesday
Las Vegas,5,439,10/25/2023,Wednesday
Las Vegas,6,339,10/25/2023,Wednesday
Las Vegas,7,339,10/25/2023,Wednesday
Las Vegas,8,339,10/25/2023,Wednesday
Las Vegas,9,339,10/25/2023,Wednesday
Las Vegas,10,339,10/25/2023,Wednesday
Las Vegas,11,339,10/25/2023,Wednesday
Las Vegas,12,339,10/25/2023,Wednesday
Las Vegas,13,219,10/25/2023,Wednesday
Las Vegas,14,219,10/25/2023,Wednesday
Las Vegas,15,219,10/25/2023,Wednesday
Las Vegas,16,219,10/25/2023,Wednesday
Las Vegas,17,219,10/25/2023,Wednesday
Las Vegas,18,219,10/25/2023,Wednesday
Las Vegas,19,219,10/25/2023,Wednesday
Las Vegas,20,199,10/25/2023,Wednesday
Las Vegas,21,199,10/25/2023,Wednesday
Las Vegas,22,199,10/25/2023,Wednesday
Las Vegas,23,189,10/25/2023,Wednesday
Las Vegas,24,189,10/25/2023,Wednesday
Las Vegas,25,189,10/25/2023,Wednesday
Las Vegas,26,189,10/25/2023,Wednesday
Las Vegas,27,189,10/25/2023,Wednesday
Las Vegas,28,189,10/25/2023,Wednesday
Las Vegas,29,159,10/25/2023,Wednesday
Las Vegas,30,159,10/25/2023,Wednesday
Las Vegas,31,159,10/25/2023,Wednesday
Las Vegas,32,159,10/25/2023,Wednesday
Las Vegas,33,159,10/25/2023,Wednesday
Las Vegas,34,159,10/25/2023,Wednesday
Las Vegas,35,159,10/25/2023,Wednesday
Las Vegas,36,159,10/25/2023,Wednesday
Las Vegas,37,159,10/25/2023,Wednesday
Las Vegas,38,159,10/25/2023,Wednesday
Las Vegas,39,159,10/25/2023,Wednesday
Las Vegas,40,159,10/25/2023,Wednesday
Las Vegas,41,159,10/25/2023,Wednesday
Las Vegas,42,159,10/25/2023,Wednesday
Las Vegas,43,159,10/25/2023,Wednesday
Las Vegas,44,159,10/25/2023,Wednesday
Las Vegas,45,159,10/25/2023,Wednesday
Las Vegas,46,159,10/25/2023,Wednesday
Las Vegas,47,159,10/25/2023,Wednesday
Las Vegas,48,159,10/25/2023,Wednesday
Las Vegas,49,159,10/25/2023,Wednesday
Las Vegas,50,159,10/25/2023,Wednesday
Las Vegas,51,159,10/25/2023,Wednesday
Las Vegas,52,159,10/25/2023,Wednesday
Las Vegas,53,159,10/25/2023,Wednesday
Las Vegas,54,159,10/25/2023,Wednesday
Las Vegas,55,159,10/25/2023,Wednesday
Las Vegas,56,189,10/25/2023,Wednesday
Las Vegas,57,189,10/25/2023,Wednesday
Las Vegas,58,189,10/25/2023,Wednesday
Las Vegas,59,189,10/25/2023,Wednesday
Las Vegas,60,189,10/25/2023,Wednesday
Los Angeles,1,317,10/25/2023,Wednesday
Los Angeles,2,260,10/25/2023,Wednesday
Los Angeles,3,250,10/25/2023,Wednesday
Los Angeles,4,184,10/25/2023,Wednesday
Los Angeles,5,160,10/25/2023,Wednesday
Los Angeles,6,159,10/25/2023,Wednesday
Los Angeles,7,154,10/25/2023,Wednesday
Los Angeles,8,79,10/25/2023,Wednesday
Los Angeles,9,79,10/25/2023,Wednesday
Los Angeles,10,130,10/25/2023,Wednesday
Los Angeles,11,104,10/25/2023,Wednesday
Los Angeles,12,79,10/25/2023,Wednesday
Los Angeles,13,114,10/25/2023,Wednesday
Los Angeles,14,109,10/25/2023,Wednesday
Los Angeles,15,79,10/25/2023,Wednesday
Los Angeles,16,79,10/25/2023,Wednesday
Los Angeles,17,109,10/25/2023,Wednesday
Los Angeles,18,109,10/25/2023,Wednesday
Los Angeles,19,79,10/25/2023,Wednesday
Los Angeles,20,79,10/25/2023,Wednesday
Los Angeles,21,79,10/25/2023,Wednesday
Los Angeles,22,79,10/25/2023,Wednesday
Los Angeles,23,79,10/25/2023,Wednesday
Los Angeles,24,109,10/25/2023,Wednesday
Los Angeles,25,109,10/25/2023,Wednesday
Los Angeles,26,109,10/25/2023,Wednesday
Los Angeles,27,109,10/25/2023,Wednesday
Los Angeles,28,145,10/25/2023,Wednesday
Los Angeles,29,125,10/25/2023,Wednesday
Los Angeles,30,139,10/25/2023,Wednesday
Los Angeles,31,139,10/25/2023,Wednesday
Los Angeles,32,125,10/25/2023,Wednesday
Los Angeles,33,79,10/25/2023,Wednesday
Los Angeles,34,79,10/25/2023,Wednesday
Los Angeles,35,79,10/25/2023,Wednesday
Los Angeles,36,79,10/25/2023,Wednesday
Los Angeles,37,79,10/25/2023,Wednesday
Los Angeles,38,79,10/25/2023,Wednesday
Los Angeles,39,79,10/25/2023,Wednesday
Los Angeles,40,79,10/25/2023,Wednesday
Los Angeles,41,79,10/25/2023,Wednesday
Los Angeles,42,79,10/25/2023,Wednesday
Los Angeles,43,79,10/25/2023,Wednesday
Los Angeles,44,79,10/25/2023,Wednesday
Los Angeles,45,79,10/25/2023,Wednesday
Los Angeles,46,109,10/25/2023,Wednesday
Los Angeles,47,109,10/25/2023,Wednesday
Los Angeles,48,142,10/25/2023,Wednesday
Los Angeles,49,142,10/25/2023,Wednesday
Los Angeles,50,142,10/25/2023,Wednesday
Los Angeles,51,142,10/25/2023,Wednesday
Los Angeles,52,129,10/25/2023,Wednesday
Los Angeles,53,129,10/25/2023,Wednesday
Los Angeles,54,99,10/25/2023,Wednesday
Los Angeles,55,99,10/25/2023,Wednesday
Los Angeles,56,99,10/25/2023,Wednesday
Los Angeles,57,109,10/25/2023,Wednesday
Los Angeles,58,109,10/25/2023,Wednesday
Los Angeles,59,109,10/25/2023,Wednesday
Los Angeles,60,135,10/25/2023,Wednesday
Miami,1,103,10/25/2023,Wednesday
Miami,2,39,10/25/2023,Wednesday
Miami,3,39,10/25/2023,Wednesday
Miami,4,39,10/25/2023,Wednesday
Miami,5,39,10/25/2023,Wednesday
Miami,6,39,10/25/2023,Wednesday
Miami,7,39,10/25/2023,Wednesday
Miami,8,39,10/25/2023,Wednesday
Miami,9,39,10/25/2023,Wednesday
Miami,10,39,10/25/2023,Wednesday
Miami,11,39,10/25/2023,Wednesday
Miami,12,39,10/25/2023,Wednesday
Miami,13,24,10/25/2023,Wednesday
Miami,14,24,10/25/2023,Wednesday
Miami,15,24,10/25/2023,Wednesday
Miami,16,24,10/25/2023,Wednesday
Miami,17,24,10/25/2023,Wednesday
Miami,18,24,10/25/2023,Wednesday
Miami,19,24,10/25/2023,Wednesday
Miami,20,24,10/25/2023,Wednesday
Miami,21,24,10/25/2023,Wednesday
Miami,22,24,10/25/2023,Wednesday
Miami,23,24,10/25/2023,Wednesday
Miami,24,24,10/25/2023,Wednesday
Miami,25,24,10/25/2023,Wednesday
Miami,26,24,10/25/2023,Wednesday
Miami,27,24,10/25/2023,Wednesday
Miami,28,24,10/25/2023,Wednesday
Miami,29,24,10/25/2023,Wednesday
Miami,30,24,10/25/2023,Wednesday
Miami,31,24,10/25/2023,Wednesday
Miami,32,24,10/25/2023,Wednesday
Miami,33,24,10/25/2023,Wednesday
Miami,34,24,10/25/2023,Wednesday
Miami,35,24,10/25/2023,Wednesday
Miami,36,24,10/25/2023,Wednesday
Miami,37,24,10/25/2023,Wednesday
Miami,38,24,10/25/2023,Wednesday
Miami,39,24,10/25/2023,Wednesday
Miami,40,24,10/25/2023,Wednesday
Miami,41,24,10/25/2023,Wednesday
Miami,42,24,10/25/2023,Wednesday
Miami,43,24,10/25/2023,Wednesday
Miami,44,24,10/25/2023,Wednesday
Miami,45,24,10/25/2023,Wednesday
Miami,46,24,10/25/2023,Wednesday
Miami,47,24,10/25/2023,Wednesday
Miami,48,24,10/25/2023,Wednesday
Miami,49,24,10/25/2023,Wednesday
Miami,50,24,10/25/2023,Wednesday
Miami,51,24,10/25/2023,Wednesday
Miami,52,24,10/25/2023,Wednesday
Miami,53,24,10/25/2023,Wednesday
Miami,54,24,10/25/2023,Wednesday
Miami,55,24,10/25/2023,Wednesday
Miami,56,24,10/25/2023,Wednesday
Miami,57,24,10/25/2023,Wednesday
Miami,58,24,10/25/2023,Wednesday
Miami,59,24,10/25/2023,Wednesday
Miami,60,24,10/25/2023,Wednesday
Minneapolis,1,519,10/25/2023,Wednesday
Minneapolis,2,519,10/25/2023,Wednesday
Minneapolis,3,519,10/25/2023,Wednesday
Minneapolis,4,519,10/25/2023,Wednesday
Minneapolis,5,519,10/25/2023,Wednesday
Minneapolis,6,419,10/25/2023,Wednesday
Minneapolis,7,419,10/25/2023,Wednesday
Minneapolis,8,419,10/25/2023,Wednesday
Minneapolis,9,419,10/25/2023,Wednesday
Minneapolis,10,419,10/25/2023,Wednesday
Minneapolis,11,419,10/25/2023,Wednesday
Minneapolis,12,419,10/25/2023,Wednesday
Minneapolis,13,319,10/25/2023,Wednesday
Minneapolis,14,319,10/25/2023,Wednesday
Minneapolis,15,319,10/25/2023,Wednesday
Minneapolis,16,319,10/25/2023,Wednesday
Minneapolis,17,319,10/25/2023,Wednesday
Minneapolis,18,319,10/25/2023,Wednesday
Minneapolis,19,319,10/25/2023,Wednesday
Minneapolis,20,229,10/25/2023,Wednesday
Minneapolis,21,229,10/25/2023,Wednesday
Minneapolis,22,229,10/25/2023,Wednesday
Minneapolis,23,219,10/25/2023,Wednesday
Minneapolis,24,219,10/25/2023,Wednesday
Minneapolis,25,219,10/25/2023,Wednesday
Minneapolis,26,219,10/25/2023,Wednesday
Minneapolis,27,219,10/25/2023,Wednesday
Minneapolis,28,219,10/25/2023,Wednesday
Minneapolis,29,199,10/25/2023,Wednesday
Minneapolis,30,199,10/25/2023,Wednesday
Minneapolis,31,199,10/25/2023,Wednesday
Minneapolis,32,199,10/25/2023,Wednesday
Minneapolis,33,199,10/25/2023,Wednesday
Minneapolis,34,199,10/25/2023,Wednesday
Minneapolis,35,199,10/25/2023,Wednesday
Minneapolis,36,199,10/25/2023,Wednesday
Minneapolis,37,199,10/25/2023,Wednesday
Minneapolis,38,199,10/25/2023,Wednesday
Minneapolis,39,199,10/25/2023,Wednesday
Minneapolis,40,199,10/25/2023,Wednesday
Minneapolis,41,199,10/25/2023,Wednesday
Minneapolis,42,199,10/25/2023,Wednesday
Minneapolis,43,199,10/25/2023,Wednesday
Minneapolis,44,199,10/25/2023,Wednesday
Minneapolis,45,199,10/25/2023,Wednesday
Minneapolis,46,199,10/25/2023,Wednesday
Minneapolis,47,199,10/25/2023,Wednesday
Minneapolis,48,199,10/25/2023,Wednesday
Minneapolis,49,199,10/25/2023,Wednesday
Minneapolis,50,199,10/25/2023,Wednesday
Minneapolis,51,199,10/25/2023,Wednesday
Minneapolis,52,199,10/25/2023,Wednesday
Minneapolis,53,199,10/25/2023,Wednesday
Minneapolis,54,199,10/25/2023,Wednesday
Minneapolis,55,199,10/25/2023,Wednesday
Minneapolis,56,199,10/25/2023,Wednesday
Minneapolis,57,199,10/25/2023,Wednesday
Minneapolis,58,199,10/25/2023,Wednesday
Minneapolis,59,199,10/25/2023,Wednesday
Minneapolis,60,199,10/25/2023,Wednesday
Nashville,1,276,10/25/2023,Wednesday
Nashville,2,276,10/25/2023,Wednesday
Nashville,3,276,10/25/2023,Wednesday
Nashville,4,276,10/25/2023,Wednesday
Nashville,5,276,10/25/2023,Wednesday
Nashville,6,239,10/25/2023,Wednesday
Nashville,7,239,10/25/2023,Wednesday
Nashville,8,239,10/25/2023,Wednesday
Nashville,9,239,10/25/2023,Wednesday
Nashville,10,239,10/25/2023,Wednesday
Nashville,11,239,10/25/2023,Wednesday
Nashville,12,239,10/25/2023,Wednesday
Nashville,13,63,10/25/2023,Wednesday
Nashville,14,63,10/25/2023,Wednesday
Nashville,15,63,10/25/2023,Wednesday
Nashville,16,63,10/25/2023,Wednesday
Nashville,17,63,10/25/2023,Wednesday
Nashville,18,63,10/25/2023,Wednesday
Nashville,19,63,10/25/2023,Wednesday
Nashville,20,63,10/25/2023,Wednesday
Nashville,21,83,10/25/2023,Wednesday
Nashville,22,99,10/25/2023,Wednesday
Nashville,23,89,10/25/2023,Wednesday
Nashville,24,89,10/25/2023,Wednesday
Nashville,25,79,10/25/2023,Wednesday
Nashville,26,79,10/25/2023,Wednesday
Nashville,27,79,10/25/2023,Wednesday
Nashville,28,79,10/25/2023,Wednesday
Nashville,29,79,10/25/2023,Wednesday
Nashville,30,89,10/25/2023,Wednesday
Nashville,31,119,10/25/2023,Wednesday
Nashville,32,119,10/25/2023,Wednesday
Nashville,33,79,10/25/2023,Wednesday
Nashville,34,79,10/25/2023,Wednesday
Nashville,35,89,10/25/2023,Wednesday
Nashville,36,89,10/25/2023,Wednesday
Nashville,37,58,10/25/2023,Wednesday
Nashville,38,58,10/25/2023,Wednesday
Nashville,39,58,10/25/2023,Wednesday
Nashville,40,58,10/25/2023,Wednesday
Nashville,41,58,10/25/2023,Wednesday
Nashville,42,58,10/25/2023,Wednesday
Nashville,43,58,10/25/2023,Wednesday
Nashville,44,58,10/25/2023,Wednesday
Nashville,45,59,10/25/2023,Wednesday
Nashville,46,59,10/25/2023,Wednesday
Nashville,47,59,10/25/2023,Wednesday
Nashville,48,59,10/25/2023,Wednesday
Nashville,49,59,10/25/2023,Wednesday
Nashville,50,59,10/25/2023,Wednesday
Nashville,51,59,10/25/2023,Wednesday
Nashville,52,59,10/25/2023,Wednesday
Nashville,53,59,10/25/2023,Wednesday
Nashville,54,59,10/25/2023,Wednesday
Nashville,55,59,10/25/2023,Wednesday
Nashville,56,89,10/25/2023,Wednesday
Nashville,57,89,10/25/2023,Wednesday
Nashville,58,89,10/25/2023,Wednesday
Nashville,59,89,10/25/2023,Wednesday
Nashville,60,89,10/25/2023,Wednesday
New York,1,139,10/25/2023,Wednesday
New York,2,139,10/25/2023,Wednesday
New York,3,139,10/25/2023,Wednesday
New York,4,139,10/25/2023,Wednesday
New York,5,139,10/25/2023,Wednesday
New York,6,124,10/25/2023,Wednesday
New York,7,124,10/25/2023,Wednesday
New York,8,124,10/25/2023,Wednesday
New York,9,124,10/25/2023,Wednesday
New York,10,124,10/25/2023,Wednesday
New York,11,124,10/25/2023,Wednesday
New York,12,44,10/25/2023,Wednesday
New York,13,44,10/25/2023,Wednesday
New York,14,44,10/25/2023,Wednesday
New York,15,44,10/25/2023,Wednesday
New York,16,44,10/25/2023,Wednesday
New York,17,79,10/25/2023,Wednesday
New York,18,79,10/25/2023,Wednesday
New York,19,79,10/25/2023,Wednesday
New York,20,74,10/25/2023,Wednesday
New York,21,74,10/25/2023,Wednesday
New York,22,64,10/25/2023,Wednesday
New York,23,64,10/25/2023,Wednesday
New York,24,64,10/25/2023,Wednesday
New York,25,64,10/25/2023,Wednesday
New York,26,49,10/25/2023,Wednesday
New York,27,49,10/25/2023,Wednesday
New York,28,49,10/25/2023,Wednesday
New York,29,49,10/25/2023,Wednesday
New York,30,49,10/25/2023,Wednesday
New York,31,64,10/25/2023,Wednesday
New York,32,54,10/25/2023,Wednesday
New York,33,54,10/25/2023,Wednesday
New York,34,54,10/25/2023,Wednesday
New York,35,54,10/25/2023,Wednesday
New York,36,54,10/25/2023,Wednesday
New York,37,54,10/25/2023,Wednesday
New York,38,54,10/25/2023,Wednesday
New York,39,54,10/25/2023,Wednesday
New York,40,54,10/25/2023,Wednesday
New York,41,54,10/25/2023,Wednesday
New York,42,54,10/25/2023,Wednesday
New York,43,54,10/25/2023,Wednesday
New York,44,54,10/25/2023,Wednesday
New York,45,54,10/25/2023,Wednesday
New York,46,54,10/25/2023,Wednesday
New York,47,44,10/25/2023,Wednesday
New York,48,44,10/25/2023,Wednesday
New York,49,44,10/25/2023,Wednesday
New York,50,44,10/25/2023,Wednesday
New York,51,44,10/25/2023,Wednesday
New York,52,54,10/25/2023,Wednesday
New York,53,54,10/25/2023,Wednesday
New York,54,54,10/25/2023,Wednesday
New York,55,54,10/25/2023,Wednesday
New York,56,54,10/25/2023,Wednesday
New York,57,54,10/25/2023,Wednesday
New York,58,54,10/25/2023,Wednesday
New York,59,54,10/25/2023,Wednesday
New York,60,54,10/25/2023,Wednesday
Orlando,1,57,10/25/2023,Wednesday
Orlando,2,32,10/25/2023,Wednesday
Orlando,3,32,10/25/2023,Wednesday
Orlando,4,32,10/25/2023,Wednesday
Orlando,5,32,10/25/2023,Wednesday
Orlando,6,25,10/25/2023,Wednesday
Orlando,7,25,10/25/2023,Wednesday
Orlando,8,25,10/25/2023,Wednesday
Orlando,9,25,10/25/2023,Wednesday
Orlando,10,25,10/25/2023,Wednesday
Orlando,11,25,10/25/2023,Wednesday
Orlando,12,25,10/25/2023,Wednesday
Orlando,13,25,10/25/2023,Wednesday
Orlando,14,25,10/25/2023,Wednesday
Orlando,15,25,10/25/2023,Wednesday
Orlando,16,25,10/25/2023,Wednesday
Orlando,17,25,10/25/2023,Wednesday
Orlando,18,20,10/25/2023,Wednesday
Orlando,19,20,10/25/2023,Wednesday
Orlando,20,20,10/25/2023,Wednesday
Orlando,21,20,10/25/2023,Wednesday
Orlando,22,20,10/25/2023,Wednesday
Orlando,23,19,10/25/2023,Wednesday
Orlando,24,19,10/25/2023,Wednesday
Orlando,25,19,10/25/2023,Wednesday
Orlando,26,19,10/25/2023,Wednesday
Orlando,27,19,10/25/2023,Wednesday
Orlando,28,19,10/25/2023,Wednesday
Orlando,29,19,10/25/2023,Wednesday
Orlando,30,19,10/25/2023,Wednesday
Orlando,31,19,10/25/2023,Wednesday
Orlando,32,19,10/25/2023,Wednesday
Orlando,33,19,10/25/2023,Wednesday
Orlando,34,19,10/25/2023,Wednesday
Orlando,35,19,10/25/2023,Wednesday
Orlando,36,19,10/25/2023,Wednesday
Orlando,37,19,10/25/2023,Wednesday
Orlando,38,19,10/25/2023,Wednesday
Orlando,39,19,10/25/2023,Wednesday
Orlando,40,19,10/25/2023,Wednesday
Orlando,41,19,10/25/2023,Wednesday
Orlando,42,19,10/25/2023,Wednesday
Orlando,43,19,10/25/2023,Wednesday
Orlando,44,19,10/25/2023,Wednesday
Orlando,45,19,10/25/2023,Wednesday
Orlando,46,19,10/25/2023,Wednesday
Orlando,47,19,10/25/2023,Wednesday
Orlando,48,19,10/25/2023,Wednesday
Orlando,49,19,10/25/2023,Wednesday
Orlando,50,19,10/25/2023,Wednesday
Orlando,51,19,10/25/2023,Wednesday
Orlando,52,24,10/25/2023,Wednesday
Orlando,53,24,10/25/2023,Wednesday
Orlando,54,24,10/25/2023,Wednesday
Orlando,55,24,10/25/2023,Wednesday
Orlando,56,24,10/25/2023,Wednesday
Orlando,57,24,10/25/2023,Wednesday
Orlando,58,24,10/25/2023,Wednesday
Orlando,59,24,10/25/2023,Wednesday
Orlando,60,24,10/25/2023,Wednesday
Philadelphia,1,149,10/25/2023,Wednesday
Philadelphia,2,119,10/25/2023,Wednesday
Philadelphia,3,119,10/25/2023,Wednesday
Philadelphia,4,119,10/25/2023,Wednesday
Philadelphia,5,109,10/25/2023,Wednesday
Philadelphia,6,29,10/25/2023,Wednesday
Philadelphia,7,29,10/25/2023,Wednesday
Philadelphia,8,29,10/25/2023,Wednesday
Philadelphia,9,29,10/25/2023,Wednesday
Philadelphia,10,29,10/25/2023,Wednesday
Philadelphia,11,29,10/25/2023,Wednesday
Philadelphia,12,29,10/25/2023,Wednesday
Philadelphia,13,29,10/25/2023,Wednesday
Philadelphia,14,29,10/25/2023,Wednesday
Philadelphia,15,29,10/25/2023,Wednesday
Philadelphia,16,39,10/25/2023,Wednesday
Philadelphia,17,39,10/25/2023,Wednesday
Philadelphia,18,31,10/25/2023,Wednesday
Philadelphia,19,31,10/25/2023,Wednesday
Philadelphia,20,29,10/25/2023,Wednesday
Philadelphia,21,29,10/25/2023,Wednesday
Philadelphia,22,29,10/25/2023,Wednesday
Philadelphia,23,29,10/25/2023,Wednesday
Philadelphia,24,29,10/25/2023,Wednesday
Philadelphia,25,29,10/25/2023,Wednesday
Philadelphia,26,29,10/25/2023,Wednesday
Philadelphia,27,29,10/25/2023,Wednesday
Philadelphia,28,19,10/25/2023,Wednesday
Philadelphia,29,19,10/25/2023,Wednesday
Philadelphia,30,19,10/25/2023,Wednesday
Philadelphia,31,19,10/25/2023,Wednesday
Philadelphia,32,19,10/25/2023,Wednesday
Philadelphia,33,19,10/25/2023,Wednesday
Philadelphia,34,19,10/25/2023,Wednesday
Philadelphia,35,19,10/25/2023,Wednesday
Philadelphia,36,19,10/25/2023,Wednesday
Philadelphia,37,19,10/25/2023,Wednesday
Philadelphia,38,19,10/25/2023,Wednesday
Philadelphia,39,19,10/25/2023,Wednesday
Philadelphia,40,19,10/25/2023,Wednesday
Philadelphia,41,19,10/25/2023,Wednesday
Philadelphia,42,19,10/25/2023,Wednesday
Philadelphia,43,19,10/25/2023,Wednesday
Philadelphia,44,19,10/25/2023,Wednesday
Philadelphia,45,19,10/25/2023,Wednesday
Philadelphia,46,19,10/25/2023,Wednesday
Philadelphia,47,19,10/25/2023,Wednesday
Philadelphia,48,19,10/25/2023,Wednesday
Philadelphia,49,19,10/25/2023,Wednesday
Philadelphia,50,19,10/25/2023,Wednesday
Philadelphia,51,19,10/25/2023,Wednesday
Philadelphia,52,39,10/25/2023,Wednesday
Philadelphia,53,39,10/25/2023,Wednesday
Philadelphia,54,29,10/25/2023,Wednesday
Philadelphia,55,29,10/25/2023,Wednesday
Philadelphia,56,29,10/25/2023,Wednesday
Philadelphia,57,29,10/25/2023,Wednesday
Philadelphia,58,29,10/25/2023,Wednesday
Philadelphia,59,29,10/25/2023,Wednesday
Philadelphia,60,29,10/25/2023,Wednesday
Pittsburgh,1,307,10/25/2023,Wednesday
Pittsburgh,2,307,10/25/2023,Wednesday
Pittsburgh,3,307,10/25/2023,Wednesday
Pittsburgh,4,307,10/25/2023,Wednesday
Pittsburgh,5,307,10/25/2023,Wednesday
Pittsburgh,6,160,10/25/2023,Wednesday
Pittsburgh,7,89,10/25/2023,Wednesday
Pittsburgh,8,89,10/25/2023,Wednesday
Pittsburgh,9,89,10/25/2023,Wednesday
Pittsburgh,10,89,10/25/2023,Wednesday
Pittsburgh,11,89,10/25/2023,Wednesday
Pittsburgh,12,89,10/25/2023,Wednesday
Pittsburgh,13,89,10/25/2023,Wednesday
Pittsburgh,14,140,10/25/2023,Wednesday
Pittsburgh,15,140,10/25/2023,Wednesday
Pittsburgh,16,140,10/25/2023,Wednesday
Pittsburgh,17,140,10/25/2023,Wednesday
Pittsburgh,18,140,10/25/2023,Wednesday
Pittsburgh,19,140,10/25/2023,Wednesday
Pittsburgh,20,125,10/25/2023,Wednesday
Pittsburgh,21,125,10/25/2023,Wednesday
Pittsburgh,22,125,10/25/2023,Wednesday
Pittsburgh,23,115,10/25/2023,Wednesday
Pittsburgh,24,115,10/25/2023,Wednesday
Pittsburgh,25,115,10/25/2023,Wednesday
Pittsburgh,26,115,10/25/2023,Wednesday
Pittsburgh,27,115,10/25/2023,Wednesday
Pittsburgh,28,115,10/25/2023,Wednesday
Pittsburgh,29,79,10/25/2023,Wednesday
Pittsburgh,30,115,10/25/2023,Wednesday
Pittsburgh,31,115,10/25/2023,Wednesday
Pittsburgh,32,115,10/25/2023,Wednesday
Pittsburgh,33,115,10/25/2023,Wednesday
Pittsburgh,34,115,10/25/2023,Wednesday
Pittsburgh,35,115,10/25/2023,Wednesday
Pittsburgh,36,89,10/25/2023,Wednesday
Pittsburgh,37,115,10/25/2023,Wednesday
Pittsburgh,38,115,10/25/2023,Wednesday
Pittsburgh,39,115,10/25/2023,Wednesday
Pittsburgh,40,115,10/25/2023,Wednesday
Pittsburgh,41,115,10/25/2023,Wednesday
Pittsburgh,42,115,10/25/2023,Wednesday
Pittsburgh,43,115,10/25/2023,Wednesday
Pittsburgh,44,115,10/25/2023,Wednesday
Pittsburgh,45,115,10/25/2023,Wednesday
Pittsburgh,46,115,10/25/2023,Wednesday
Pittsburgh,47,115,10/25/2023,Wednesday
Pittsburgh,48,105,10/25/2023,Wednesday
Pittsburgh,49,105,10/25/2023,Wednesday
Pittsburgh,50,105,10/25/2023,Wednesday
Pittsburgh,51,105,10/25/2023,Wednesday
Pittsburgh,52,105,10/25/2023,Wednesday
Pittsburgh,53,105,10/25/2023,Wednesday
Pittsburgh,54,105,10/25/2023,Wednesday
Pittsburgh,55,93,10/25/2023,Wednesday
Pittsburgh,56,105,10/25/2023,Wednesday
Pittsburgh,57,105,10/25/2023,Wednesday
Pittsburgh,58,105,10/25/2023,Wednesday
Pittsburgh,59,105,10/25/2023,Wednesday
Pittsburgh,60,105,10/25/2023,Wednesday
San Francisco,1,524,10/25/2023,Wednesday
San Francisco,2,524,10/25/2023,Wednesday
San Francisco,3,544,10/25/2023,Wednesday
San Francisco,4,544,10/25/2023,Wednesday
San Francisco,5,544,10/25/2023,Wednesday
San Francisco,6,454,10/25/2023,Wednesday
San Francisco,7,454,10/25/2023,Wednesday
San Francisco,8,454,10/25/2023,Wednesday
San Francisco,9,454,10/25/2023,Wednesday
San Francisco,10,454,10/25/2023,Wednesday
San Francisco,11,454,10/25/2023,Wednesday
San Francisco,12,454,10/25/2023,Wednesday
San Francisco,13,349,10/25/2023,Wednesday
San Francisco,14,349,10/25/2023,Wednesday
San Francisco,15,349,10/25/2023,Wednesday
San Francisco,16,349,10/25/2023,Wednesday
San Francisco,17,349,10/25/2023,Wednesday
San Francisco,18,349,10/25/2023,Wednesday
San Francisco,19,349,10/25/2023,Wednesday
San Francisco,20,269,10/25/2023,Wednesday
San Francisco,21,269,10/25/2023,Wednesday
San Francisco,22,269,10/25/2023,Wednesday
San Francisco,23,269,10/25/2023,Wednesday
San Francisco,24,269,10/25/2023,Wednesday
San Francisco,25,269,10/25/2023,Wednesday
San Francisco,26,269,10/25/2023,Wednesday
San Francisco,27,269,10/25/2023,Wednesday
San Francisco,28,269,10/25/2023,Wednesday
San Francisco,29,269,10/25/2023,Wednesday
San Francisco,30,269,10/25/2023,Wednesday
San Francisco,31,269,10/25/2023,Wednesday
San Francisco,32,269,10/25/2023,Wednesday
San Francisco,33,269,10/25/2023,Wednesday
San Francisco,34,269,10/25/2023,Wednesday
San Francisco,35,269,10/25/2023,Wednesday
San Francisco,36,269,10/25/2023,Wednesday
San Francisco,37,269,10/25/2023,Wednesday
San Francisco,38,269,10/25/2023,Wednesday
San Francisco,39,269,10/25/2023,Wednesday
San Francisco,40,269,10/25/2023,Wednesday
San Francisco,41,269,10/25/2023,Wednesday
San Francisco,42,269,10/25/2023,Wednesday
San Francisco,43,269,10/25/2023,Wednesday
San Francisco,44,269,10/25/2023,Wednesday
San Francisco,45,269,10/25/2023,Wednesday
San Francisco,46,269,10/25/2023,Wednesday
San Francisco,47,269,10/25/2023,Wednesday
San Francisco,48,269,10/25/2023,Wednesday
San Francisco,49,269,10/25/2023,Wednesday
San Francisco,50,269,10/25/2023,Wednesday
San Francisco,51,269,10/25/2023,Wednesday
San Francisco,52,269,10/25/2023,Wednesday
San Francisco,53,269,10/25/2023,Wednesday
San Francisco,54,269,10/25/2023,Wednesday
San Francisco,55,269,10/25/2023,Wednesday
San Francisco,56,259,10/25/2023,Wednesday
San Francisco,57,259,10/25/2023,Wednesday
San Francisco,58,259,10/25/2023,Wednesday
San Francisco,59,259,10/25/2023,Wednesday
San Francisco,60,259,10/25/2023,Wednesday
Seattle,1,589,10/25/2023,Wednesday
Seattle,2,589,10/25/2023,Wednesday
Seattle,3,589,10/25/2023,Wednesday
Seattle,4,589,10/25/2023,Wednesday
Seattle,5,589,10/25/2023,Wednesday
Seattle,6,509,10/25/2023,Wednesday
Seattle,7,509,10/25/2023,Wednesday
Seattle,8,509,10/25/2023,Wednesday
Seattle,9,509,10/25/2023,Wednesday
Seattle,10,509,10/25/2023,Wednesday
Seattle,11,509,10/25/2023,Wednesday
Seattle,12,509,10/25/2023,Wednesday
Seattle,13,359,10/25/2023,Wednesday
Seattle,14,359,10/25/2023,Wednesday
Seattle,15,359,10/25/2023,Wednesday
Seattle,16,359,10/25/2023,Wednesday
Seattle,17,359,10/25/2023,Wednesday
Seattle,18,359,10/25/2023,Wednesday
Seattle,19,139,10/25/2023,Wednesday
Seattle,20,139,10/25/2023,Wednesday
Seattle,21,139,10/25/2023,Wednesday
Seattle,22,149,10/25/2023,Wednesday
Seattle,23,139,10/25/2023,Wednesday
Seattle,24,139,10/25/2023,Wednesday
Seattle,25,139,10/25/2023,Wednesday
Seattle,26,139,10/25/2023,Wednesday
Seattle,27,139,10/25/2023,Wednesday
Seattle,28,139,10/25/2023,Wednesday
Seattle,29,139,10/25/2023,Wednesday
Seattle,30,139,10/25/2023,Wednesday
Seattle,31,139,10/25/2023,Wednesday
Seattle,32,139,10/25/2023,Wednesday
Seattle,33,139,10/25/2023,Wednesday
Seattle,34,139,10/25/2023,Wednesday
Seattle,35,139,10/25/2023,Wednesday
Seattle,36,139,10/25/2023,Wednesday
Seattle,37,139,10/25/2023,Wednesday
Seattle,38,139,10/25/2023,Wednesday
Seattle,39,139,10/25/2023,Wednesday
Seattle,40,139,10/25/2023,Wednesday
Seattle,41,139,10/25/2023,Wednesday
Seattle,42,139,10/25/2023,Wednesday
Seattle,43,139,10/25/2023,Wednesday
Seattle,44,139,10/25/2023,Wednesday
Seattle,45,139,10/25/2023,Wednesday
Seattle,46,139,10/25/2023,Wednesday
Seattle,47,139,10/25/2023,Wednesday
Seattle,48,129,10/25/2023,Wednesday
Seattle,49,129,10/25/2023,Wednesday
Seattle,50,139,10/25/2023,Wednesday
Seattle,51,139,10/25/2023,Wednesday
Seattle,52,139,10/25/2023,Wednesday
Seattle,53,139,10/25/2023,Wednesday
Seattle,54,139,10/25/2023,Wednesday
Seattle,55,139,10/25/2023,Wednesday
Seattle,56,139,10/25/2023,Wednesday
Seattle,57,139,10/25/2023,Wednesday
Seattle,58,139,10/25/2023,Wednesday
Seattle,59,139,10/25/2023,Wednesday
Seattle,60,139,10/25/2023,Wednesday
Tampa,1,57,10/25/2023,Wednesday
Tampa,2,32,10/25/2023,Wednesday
Tampa,3,32,10/25/2023,Wednesday
Tampa,4,32,10/25/2023,Wednesday
Tampa,5,32,10/25/2023,Wednesday
Tampa,6,25,10/25/2023,Wednesday
Tampa,7,25,10/25/2023,Wednesday
Tampa,8,25,10/25/2023,Wednesday
Tampa,9,25,10/25/2023,Wednesday
Tampa,10,25,10/25/2023,Wednesday
Tampa,11,25,10/25/2023,Wednesday
Tampa,12,25,10/25/2023,Wednesday
Tampa,13,25,10/25/2023,Wednesday
Tampa,14,25,10/25/2023,Wednesday
Tampa,15,25,10/25/2023,Wednesday
Tampa,16,25,10/25/2023,Wednesday
Tampa,17,25,10/25/2023,Wednesday
Tampa,18,20,10/25/2023,Wednesday
Tampa,19,20,10/25/2023,Wednesday
Tampa,20,20,10/25/2023,Wednesday
Tampa,21,20,10/25/2023,Wednesday
Tampa,22,20,10/25/2023,Wednesday
Tampa,23,19,10/25/2023,Wednesday
Tampa,24,19,10/25/2023,Wednesday
Tampa,25,19,10/25/2023,Wednesday
Tampa,26,19,10/25/2023,Wednesday
Tampa,27,19,10/25/2023,Wednesday
Tampa,28,19,10/25/2023,Wednesday
Tampa,29,19,10/25/2023,Wednesday
Tampa,30,19,10/25/2023,Wednesday
Tampa,31,19,10/25/2023,Wednesday
Tampa,32,19,10/25/2023,Wednesday
Tampa,33,19,10/25/2023,Wednesday
Tampa,34,19,10/25/2023,Wednesday
Tampa,35,19,10/25/2023,Wednesday
Tampa,36,19,10/25/2023,Wednesday
Tampa,37,19,10/25/2023,Wednesday
Tampa,38,19,10/25/2023,Wednesday
Tampa,39,19,10/25/2023,Wednesday
Tampa,40,19,10/25/2023,Wednesday
Tampa,41,19,10/25/2023,Wednesday
Tampa,42,19,10/25/2023,Wednesday
Tampa,43,19,10/25/2023,Wednesday
Tampa,44,19,10/25/2023,Wednesday
Tampa,45,19,10/25/2023,Wednesday
Tampa,46,19,10/25/2023,Wednesday
Tampa,47,19,10/25/2023,Wednesday
Tampa,48,19,10/25/2023,Wednesday
Tampa,49,19,10/25/2023,Wednesday
Tampa,50,19,10/25/2023,Wednesday
Tampa,51,19,10/25/2023,Wednesday
Tampa,52,24,10/25/2023,Wednesday
Tampa,53,24,10/25/2023,Wednesday
Tampa,54,24,10/25/2023,Wednesday
Tampa,55,24,10/25/2023,Wednesday
Tampa,56,24,10/25/2023,Wednesday
Tampa,57,24,10/25/2023,Wednesday
Tampa,58,24,10/25/2023,Wednesday
Tampa,59,24,10/25/2023,Wednesday
Tampa,60,24,10/25/2023,Wednesday
Washington,1,239,10/25/2023,Wednesday
Washington,2,239,10/25/2023,Wednesday
Washington,3,239,10/25/2023,Wednesday
Washington,4,239,10/25/2023,Wednesday
Washington,5,239,10/25/2023,Wednesday
Washington,6,166,10/25/2023,Wednesday
Washington,7,166,10/25/2023,Wednesday
Washington,8,166,10/25/2023,Wednesday
Washington,9,166,10/25/2023,Wednesday
Washington,10,166,10/25/2023,Wednesday
Washington,11,166,10/25/2023,Wednesday
Washington,12,166,10/25/2023,Wednesday
Washington,13,113,10/25/2023,Wednesday
Washington,14,113,10/25/2023,Wednesday
Washington,15,113,10/25/2023,Wednesday
Washington,16,113,10/25/2023,Wednesday
Washington,17,113,10/25/2023,Wednesday
Washington,18,113,10/25/2023,Wednesday
Washington,19,113,10/25/2023,Wednesday
Washington,20,84,10/25/2023,Wednesday
Washington,21,84,10/25/2023,Wednesday
Washington,22,74,10/25/2023,Wednesday
Washington,23,74,10/25/2023,Wednesday
Washington,24,74,10/25/2023,Wednesday
Washington,25,74,10/25/2023,Wednesday
Washington,26,74,10/25/2023,Wednesday
Washington,27,74,10/25/2023,Wednesday
Washington,28,74,10/25/2023,Wednesday
Washington,29,74,10/25/2023,Wednesday
Washington,30,74,10/25/2023,Wednesday
Washington,31,74,10/25/2023,Wednesday
Washington,32,74,10/25/2023,Wednesday
Washington,33,74,10/25/2023,Wednesday
Washington,34,74,10/25/2023,Wednesday
Washington,35,74,10/25/2023,Wednesday
Washington,36,74,10/25/2023,Wednesday
Washington,37,74,10/25/2023,Wednesday
Washington,38,86,10/25/2023,Wednesday
Washington,39,86,10/25/2023,Wednesday
Washington,40,86,10/25/2023,Wednesday
Washington,41,86,10/25/2023,Wednesday
Washington,42,86,10/25/2023,Wednesday
Washington,43,86,10/25/2023,Wednesday
Washington,44,86,10/25/2023,Wednesday
Washington,45,86,10/25/2023,Wednesday
Washington,46,86,10/25/2023,Wednesday
Washington,47,86,10/25/2023,Wednesday
Washington,48,86,10/25/2023,Wednesday
Washington,49,86,10/25/2023,Wednesday
Washington,50,86,10/25/2023,Wednesday
Washington,51,86,10/25/2023,Wednesday
Washington,52,86,10/25/2023,Wednesday
Washington,53,86,10/25/2023,Wednesday
Washington,54,69,10/25/2023,Wednesday
Washington,55,69,10/25/2023,Wednesday
Washington,56,69,10/25/2023,Wednesday
Washington,57,69,10/25/2023,Wednesday
Washington,58,69,10/25/2023,Wednesday
Washington,59,69,10/25/2023,Wednesday
Washington,60,69,10/25/2023,Wednesday
Phoenix,1,473,10/25/2023,Wednesday
Phoenix,2,473,10/25/2023,Wednesday
Phoenix,3,473,10/25/2023,Wednesday
Phoenix,4,473,10/25/2023,Wednesday
Phoenix,5,473,10/25/2023,Wednesday
Phoenix,6,453,10/25/2023,Wednesday
Phoenix,7,453,10/25/2023,Wednesday
Phoenix,8,453,10/25/2023,Wednesday
Phoenix,9,453,10/25/2023,Wednesday
Phoenix,10,453,10/25/2023,Wednesday
Phoenix,11,453,10/25/2023,Wednesday
Phoenix,12,453,10/25/2023,Wednesday
Phoenix,13,200,10/25/2023,Wednesday
Phoenix,14,200,10/25/2023,Wednesday
Phoenix,15,328,10/25/2023,Wednesday
Phoenix,16,328,10/25/2023,Wednesday
Phoenix,17,368,10/25/2023,Wednesday
Phoenix,18,328,10/25/2023,Wednesday
Phoenix,19,200,10/25/2023,Wednesday
Phoenix,20,200,10/25/2023,Wednesday
Phoenix,21,231,10/25/2023,Wednesday
Phoenix,22,191,10/25/2023,Wednesday
Phoenix,23,181,10/25/2023,Wednesday
Phoenix,24,181,10/25/2023,Wednesday
Phoenix,25,181,10/25/2023,Wednesday
Phoenix,26,181,10/25/2023,Wednesday
Phoenix,27,181,10/25/2023,Wednesday
Phoenix,28,181,10/25/2023,Wednesday
Phoenix,29,181,10/25/2023,Wednesday
Phoenix,30,181,10/25/2023,Wednesday
Phoenix,31,211,10/25/2023,Wednesday
Phoenix,32,211,10/25/2023,Wednesday
Phoenix,33,181,10/25/2023,Wednesday
Phoenix,34,181,10/25/2023,Wednesday
Phoenix,35,181,10/25/2023,Wednesday
Phoenix,36,181,10/25/2023,Wednesday
Phoenix,37,172,10/25/2023,Wednesday
Phoenix,38,172,10/25/2023,Wednesday
Phoenix,39,172,10/25/2023,Wednesday
Phoenix,40,172,10/25/2023,Wednesday
Phoenix,41,172,10/25/2023,Wednesday
Phoenix,42,172,10/25/2023,Wednesday
Phoenix,43,172,10/25/2023,Wednesday
Phoenix,44,172,10/25/2023,Wednesday
Phoenix,45,172,10/25/2023,Wednesday
Phoenix,46,172,10/25/2023,Wednesday
Phoenix,47,172,10/25/2023,Wednesday
Phoenix,48,172,10/25/2023,Wednesday
Phoenix,49,172,10/25/2023,Wednesday
Phoenix,50,172,10/25/2023,Wednesday
Phoenix,51,172,10/25/2023,Wednesday
Phoenix,52,172,10/25/2023,Wednesday
Phoenix,53,172,10/25/2023,Wednesday
Phoenix,54,172,10/25/2023,Wednesday
Phoenix,55,172,10/25/2023,Wednesday
Phoenix,56,181,10/25/2023,Wednesday
Phoenix,57,181,10/25/2023,Wednesday
Phoenix,58,181,10/25/2023,Wednesday
Phoenix,59,181,10/25/2023,Wednesday
Phoenix,60,181,10/25/2023,Wednesday
